{
    "RMSE": 2998.503550116856,
    "MAPE": 851.6679619393917,
    "MAE": 1398.7885024513826
}